Date,Open,High,Low,Close,Adj Close,Volume
2017-10-13 13:30:00,199.6999969482422,200.82000732421875,197.19000244140625,199.49000549316406,199.49000549316406,12030000
2017-10-12 13:30:00,196.75,198.6199951171875,194.7100067138672,195.86000061035156,195.86000061035156,7753300
2017-10-11 13:30:00,195.57000732421875,196.22000122070312,193.80999755859375,194.9499969482422,194.9499969482422,6450200
2017-10-10 13:30:00,197.85000610351562,198.3000030517578,192.10000610351562,195.0800018310547,195.0800018310547,6233800
2017-10-09 13:30:00,199.10000610351562,199.39999389648438,196.55999755859375,196.8699951171875,196.8699951171875,6971700
2017-10-06 13:30:00,194.3000030517578,198.9199981689453,192.0500030517578,198.02000427246094,198.02000427246094,15348400
2017-10-05 13:30:00,185.64999389648438,194.49000549316406,184.49000549316406,194.38999938964844,194.38999938964844,19412700
2017-10-04 13:30:00,181.41000366210938,186.6999969482422,181.25,184.4499969482422,184.4499969482422,9235900
2017-10-03 13:30:00,177.64999389648438,179.6999969482422,177.5500030517578,179.19000244140625,179.19000244140625,3956900
2017-10-02 13:30:00,182.11000061035156,182.8000030517578,176.5800018310547,177.00999450683594,177.00999450683594,7342000
2017-09-29 13:30:00,180.72999572753906,182.89999389648438,180.64999389648438,181.35000610351562,181.35000610351562,4227900
2017-09-28 13:30:00,181.25,181.9499969482422,179.36000061035156,180.6999969482422,180.6999969482422,4077000
2017-09-27 13:30:00,181.00999450683594,183.33999633789062,180.6999969482422,181.97000122070312,181.97000122070312,5710500
2017-09-26 13:30:00,180.6999969482422,180.9499969482422,176.5500030517578,179.3800048828125,179.3800048828125,5602500
2017-09-25 13:30:00,186.4600067138672,186.5500030517578,177.6999969482422,178.5500030517578,178.5500030517578,9367200
2017-09-22 13:30:00,188.39999389648438,189.85000610351562,186.38999938964844,187.35000610351562,187.35000610351562,5464300
2017-09-21 13:30:00,185.82000732421875,189.9499969482422,184.50999450683594,188.77999877929688,188.77999877929688,7148100
2017-09-20 13:30:00,186.10000610351562,186.5,183.1999969482422,185.50999450683594,185.50999450683594,4625000
2017-09-19 13:30:00,184.97999572753906,186.22999572753906,184.1699981689453,185.67999267578125,185.67999267578125,4982100
2017-09-18 13:30:00,183.61000061035156,185.4499969482422,182.72999572753906,184.6199951171875,184.6199951171875,5359600
2017-09-15 13:30:00,182.72999572753906,184.92999267578125,181.42999267578125,182.35000610351562,182.35000610351562,5591700
2017-09-14 13:30:00,183.25,185.2899932861328,182.07000732421875,182.6300048828125,182.6300048828125,4510700
2017-09-13 13:30:00,184.07000732421875,184.5,182.5500030517578,183.63999938964844,183.63999938964844,4320300
2017-09-12 13:30:00,182.5500030517578,185.3300018310547,180.63999938964844,185.14999389648438,185.14999389648438,6689600
2017-09-11 13:30:00,178.10000610351562,182.47000122070312,178.02999877929688,181.74000549316406,181.74000549316406,5979400
2017-09-08 13:30:00,178.4499969482422,180.38999938964844,176.25,176.4199981689453,176.4199981689453,4590800
2017-09-07 13:30:00,178.8000030517578,180.35000610351562,177.10000610351562,179,179,6036100
2017-09-06 13:30:00,175.25,179.4600067138672,173.72999572753906,179.25,179.25,8742600
2017-09-05 13:30:00,173.39999389648438,175.8800048828125,172.44000244140625,174.52000427246094,174.52000427246094,4589500
2017-09-01 13:30:00,175.5500030517578,176.47999572753906,173.9199981689453,174.74000549316406,174.74000549316406,3813000
2017-08-31 13:30:00,175.4499969482422,176.24000549316406,173.86000061035156,174.7100067138672,174.7100067138672,6941000
2017-08-30 13:30:00,169.5,174.85000610351562,169.3699951171875,174.69000244140625,174.69000244140625,8034700
2017-08-29 13:30:00,165,169.67999267578125,164.72999572753906,168.80999755859375,168.80999755859375,4620900
2017-08-28 13:30:00,166.42999267578125,168.6699981689453,165.60000610351562,167.1199951171875,167.1199951171875,3657300
2017-08-25 13:30:00,168.5800018310547,168.75,165.5,165.9499969482422,165.9499969482422,4064000
2017-08-24 13:30:00,169.86000061035156,171.24000549316406,166.14999389648438,168.1300048828125,168.1300048828125,5361700
2017-08-23 13:30:00,168.35000610351562,169.63999938964844,166.6999969482422,169.05999755859375,169.05999755859375,4632300
2017-08-22 13:30:00,167.75999450683594,169.92999267578125,167.0399932861328,169.33999633789062,169.33999633789062,4886300
2017-08-21 13:30:00,166.91000366210938,168.99000549316406,164.22999572753906,166.75999450683594,166.75999450683594,6480700
2017-08-18 13:30:00,165.9499969482422,169.97000122070312,165.8000030517578,166.5399932861328,166.5399932861328,7385700
2017-08-17 13:30:00,169.22999572753906,170.5800018310547,165.72000122070312,166.08999633789062,166.08999633789062,5229200
2017-08-16 13:30:00,167.5,170.5,166.25,169.97999572753906,169.97999572753906,7013600
2017-08-15 13:30:00,171.52999877929688,171.8800048828125,168.25,168.5,168.5,5656100
2017-08-14 13:30:00,169.8000030517578,172.4499969482422,168.8000030517578,171,171,7457100
2017-08-11 13:30:00,169.86000061035156,172.5800018310547,169,171.39999389648438,171.39999389648438,5022300
2017-08-10 13:30:00,174.02999877929688,174.4499969482422,167.60000610351562,169.13999938964844,169.13999938964844,9693100
2017-08-09 13:30:00,171.42999267578125,175.9600067138672,170.00999450683594,175.77999877929688,175.77999877929688,9670500
2017-08-08 13:30:00,181.3699951171875,181.91000366210938,177.4499969482422,178.36000061035156,178.36000061035156,6104000
2017-08-07 13:30:00,181,182.27000427246094,179.10000610351562,181.3300018310547,181.3300018310547,4609800
2017-08-04 13:30:00,179.60000610351562,181,178.5,180.27000427246094,180.27000427246094,4491100
2017-08-03 13:30:00,180.52999877929688,181.22000122070312,178.02000427246094,179.22999572753906,179.22999572753906,4627700
2017-08-02 13:30:00,182.22000122070312,182.57000732421875,177.80999755859375,180.74000549316406,180.74000549316406,5771300
2017-08-01 13:30:00,182.49000549316406,184.6199951171875,181.42999267578125,182.02999877929688,182.02999877929688,5112700
2017-07-31 13:30:00,184.25999450683594,184.97000122070312,180.64999389648438,181.66000366210938,181.66000366210938,4883600
2017-07-28 13:30:00,182,185.02999877929688,181.17999267578125,184.0399932861328,184.0399932861328,6201900
2017-07-27 13:30:00,189.88999938964844,190,179.3800048828125,182.67999267578125,182.67999267578125,11221000
2017-07-26 13:30:00,187.6999969482422,189.6999969482422,187.50999450683594,189.0800018310547,189.0800018310547,4479300
2017-07-25 13:30:00,187.7899932861328,188.66000366210938,185.80999755859375,186.97000122070312,186.97000122070312,5374500
2017-07-24 13:30:00,188.69000244140625,190.25,187.00999450683594,187.91000366210938,187.91000366210938,8797300
2017-07-21 13:30:00,182.72000122070312,191.5,182.7100067138672,188.5399932861328,188.5399932861328,9277400
2017-07-20 13:30:00,183.83999633789062,185.9199981689453,182.6999969482422,183.60000610351562,183.60000610351562,7907200
2017-07-19 13:30:00,182.97000122070312,187.1699981689453,181.75,183.86000061035156,183.86000061035156,17344300
2017-07-18 13:30:00,176.1199951171875,185,174.24000549316406,183.60000610351562,183.60000610351562,41587400
2017-07-17 13:30:00,162.91000366210938,163.5500030517578,160.02000427246094,161.6999969482422,161.6999969482422,17496700
2017-07-14 13:30:00,159.3000030517578,161.35000610351562,157.97000122070312,161.1199951171875,161.1199951171875,5549200
2017-07-13 13:30:00,158.50999450683594,160.1300048828125,156.97999572753906,158.2100067138672,158.2100067138672,6700100
2017-07-12 13:30:00,155.77000427246094,158.8000030517578,155.77000427246094,158.75,158.75,8481800
2017-07-11 13:30:00,152.3699951171875,155.22999572753906,151.5500030517578,154.3300018310547,154.3300018310547,4898600
2017-07-10 13:30:00,150.33999633789062,153.22999572753906,149.64999389648438,152.6699981689453,152.6699981689453,5360600
2017-07-07 13:30:00,146.64999389648438,150.75,146.64999389648438,150.17999267578125,150.17999267578125,5561300
2017-07-06 13:30:00,146.1300048828125,147.27000427246094,144.25,146.25,146.25,5447600
2017-07-05 13:30:00,146.5800018310547,148.25999450683594,145.5800018310547,147.61000061035156,147.61000061035156,4627800
2017-07-03 13:30:00,149.8000030517578,150.4499969482422,145.8000030517578,146.1699981689453,146.1699981689453,3908200
2017-06-30 13:30:00,149.75999450683594,150.7100067138672,148.4199981689453,149.41000366210938,149.41000366210938,5190400
2017-06-29 13:30:00,152.82000732421875,152.82000732421875,148,150.08999633789062,150.08999633789062,7142500
2017-06-28 13:30:00,151.63999938964844,154.1999969482422,150.1199951171875,153.41000366210938,153.41000366210938,5589900
2017-06-27 13:30:00,156.6199951171875,156.97999572753906,150.72000122070312,151.02999877929688,151.02999877929688,7424300
2017-06-26 13:30:00,158.77999877929688,159.97000122070312,156.55999755859375,157.5,157.5,6016000
2017-06-23 13:30:00,155.00999450683594,158.19000244140625,153.75999450683594,158.02000427246094,158.02000427246094,6250800
2017-06-22 13:30:00,155.1300048828125,155.1999969482422,153.6999969482422,154.88999938964844,154.88999938964844,3769200
2017-06-21 13:30:00,152.5,155.3800048828125,152.25999450683594,155.02999877929688,155.02999877929688,5803400
2017-06-20 13:30:00,153.67999267578125,154.5,151.39999389648438,152.0500030517578,152.0500030517578,4878700
2017-06-19 13:30:00,154.2899932861328,155.5800018310547,152.41000366210938,153.39999389648438,153.39999389648438,6544300
2017-06-16 13:30:00,151.4499969482422,153.52999877929688,150.38999938964844,152.3800048828125,152.3800048828125,6909700
2017-06-15 13:30:00,149.44000244140625,152.55999755859375,147.3000030517578,151.75999450683594,151.75999450683594,7319700
2017-06-14 13:30:00,154.33999633789062,155.6199951171875,150.27999877929688,152.1999969482422,152.1999969482422,6461800
2017-06-13 13:30:00,154.3800048828125,155.67999267578125,150.1300048828125,152.72000122070312,152.72000122070312,8484700
2017-06-12 13:30:00,155.3000030517578,155.52999877929688,148.30999755859375,151.44000244140625,151.44000244140625,14114500
2017-06-09 13:30:00,166.27000427246094,166.27000427246094,154.5,158.02999877929688,158.02999877929688,10292000
2017-06-08 13:30:00,166.1199951171875,166.8699951171875,164.83999633789062,165.8800048828125,165.8800048828125,3719100
2017-06-07 13:30:00,165.60000610351562,166.39999389648438,164.41000366210938,165.61000061035156,165.61000061035156,3353100
2017-06-06 13:30:00,164.9499969482422,166.82000732421875,164.50999450683594,165.1699981689453,165.1699981689453,4382100
2017-06-05 13:30:00,165.49000549316406,165.5,163.42999267578125,165.05999755859375,165.05999755859375,3875200
2017-06-02 13:30:00,163.4199981689453,165.36000061035156,162.8000030517578,165.17999267578125,165.17999267578125,4259100
2017-06-01 13:30:00,163.52000427246094,163.92999267578125,161.6999969482422,162.99000549316406,162.99000549316406,3896300
2017-05-31 13:30:00,163.61000061035156,164,160.74000549316406,163.07000732421875,163.07000732421875,5328900
2017-05-30 13:30:00,163.60000610351562,164.75,162.7100067138672,163.22000122070312,163.22000122070312,4828600
2017-05-26 13:30:00,162.83999633789062,163.0500030517578,161.1199951171875,162.42999267578125,162.42999267578125,4813100
2017-05-25 13:30:00,161,164.10000610351562,160.5500030517578,163.0500030517578,163.0500030517578,8561000
2017-05-24 13:30:00,158.35000610351562,158.47999572753906,157.1699981689453,157.75,157.75,2970800
2017-05-23 13:30:00,157.75,158.30999755859375,156.8000030517578,157.9499969482422,157.9499969482422,3370900
2017-05-22 13:30:00,157.86000061035156,158.60000610351562,156.42999267578125,157.16000366210938,157.16000366210938,3744100
2017-05-19 13:30:00,156.14999389648438,158.0500030517578,155.91000366210938,157.02000427246094,157.02000427246094,4091500
2017-05-18 13:30:00,153.61000061035156,156.88999938964844,153.24000549316406,155.6999969482422,155.6999969482422,6802700
2017-05-17 13:30:00,158.08999633789062,158.77999877929688,153,153.1999969482422,153.1999969482422,8184500
2017-05-16 13:30:00,160.5,161.17999267578125,159.3300018310547,159.41000366210938,159.41000366210938,3464900
2017-05-15 13:30:00,160.25,161.77999877929688,159.75999450683594,160.02000427246094,160.02000427246094,4972000
2017-05-12 13:30:00,159.11000061035156,160.83999633789062,158.50999450683594,160.80999755859375,160.80999755859375,5092900
2017-05-11 13:30:00,160.3300018310547,160.52000427246094,157.5500030517578,158.5399932861328,158.5399932861328,5677400
2017-05-10 13:30:00,157.82000732421875,161.10000610351562,156.55999755859375,160.27999877929688,160.27999877929688,6869900
2017-05-09 13:30:00,156.10000610351562,157.85000610351562,155.97000122070312,157.4600067138672,157.4600067138672,3911000
2017-05-08 13:30:00,156.5500030517578,157.63999938964844,155.3000030517578,156.3800048828125,156.3800048828125,4818800
2017-05-05 13:30:00,158.5500030517578,158.58999633789062,155.89999389648438,156.60000610351562,156.60000610351562,5341700
2017-05-04 13:30:00,155.58999633789062,157.89999389648438,154.5500030517578,157.25,157.25,5582300
2017-05-03 13:30:00,156.2899932861328,156.5399932861328,154.8800048828125,155.58999633789062,155.58999633789062,3931200
2017-05-02 13:30:00,155.75999450683594,156.5,154.61000061035156,156.4499969482422,156.4499969482422,5384800
2017-05-01 13:30:00,151.91000366210938,157.6999969482422,151.61000061035156,155.35000610351562,155.35000610351562,9031600
2017-04-28 13:30:00,152.7100067138672,152.97000122070312,150.94000244140625,152.1999969482422,152.1999969482422,6366200
2017-04-27 13:30:00,150.60000610351562,153.49000549316406,149.3000030517578,153.0800018310547,153.0800018310547,7719400
2017-04-26 13:30:00,151.52999877929688,152.14999389648438,148.89999389648438,150.1699981689453,150.1699981689453,9274100
2017-04-25 13:30:00,147.4600067138672,153.52000427246094,146.22000122070312,152.16000366210938,152.16000366210938,20674200
2017-04-24 13:30:00,143.61000061035156,144.5,143.39999389648438,143.8300018310547,143.8300018310547,4800900
2017-04-21 13:30:00,141.38999938964844,143.02999877929688,140.89999389648438,142.8699951171875,142.8699951171875,6824800
2017-04-20 13:30:00,140.3000030517578,141.8000030517578,139.27000427246094,141.17999267578125,141.17999267578125,7248200
2017-04-19 13:30:00,143.3699951171875,144,138.66000366210938,139.75999450683594,139.75999450683594,12395100
2017-04-18 13:30:00,147.33999633789062,147.39999389648438,140,143.36000061035156,143.36000061035156,19671000
2017-04-17 13:30:00,144.42999267578125,147.32000732421875,144.42999267578125,147.25,147.25,16364700
2017-04-13 13:30:00,144.25,144.5500030517578,142.75999450683594,142.9199981689453,142.9199981689453,3685800
2017-04-12 13:30:00,144.85000610351562,145.74000549316406,143.5500030517578,143.8300018310547,143.8300018310547,4387000
2017-04-11 13:30:00,144.27999877929688,144.5399932861328,141.97999572753906,144.35000610351562,144.35000610351562,4621500
2017-04-10 13:30:00,143.0399932861328,144.64999389648438,141.2100067138672,143.85000610351562,143.85000610351562,5807400
2017-04-07 13:30:00,143.7899932861328,143.88999938964844,142.7100067138672,143.11000061035156,143.11000061035156,3040500
2017-04-06 13:30:00,144,144.13999938964844,143.00999450683594,143.74000549316406,143.74000549316406,3312400
2017-04-05 13:30:00,146.19000244140625,146.25,143.25999450683594,143.6199951171875,143.6199951171875,4607600
2017-04-04 13:30:00,146.83999633789062,147.08999633789062,144.88999938964844,145.5,145.5,4368900
2017-04-03 13:30:00,146.6999969482422,148.00999450683594,145.74000549316406,146.9199981689453,146.9199981689453,4609300
2017-03-31 13:30:00,148,148.22999572753906,147.3300018310547,147.80999755859375,147.80999755859375,3888200
2017-03-30 13:30:00,146.80999755859375,148.2899932861328,146.52999877929688,148.05999755859375,148.05999755859375,4461100
2017-03-29 13:30:00,145.5,147.17999267578125,144.91000366210938,146.47000122070312,146.47000122070312,3855000
2017-03-28 13:30:00,144.10000610351562,146.11000061035156,143.9199981689453,145.1699981689453,145.1699981689453,4638000
2017-03-27 13:30:00,140.8300018310547,144.38999938964844,140,144.05999755859375,144.05999755859375,4771700
2017-03-24 13:30:00,142.36000061035156,142.8000030517578,141.5800018310547,142.02000427246094,142.02000427246094,3546600
2017-03-23 13:30:00,142.13999938964844,142.88999938964844,141.25999450683594,141.83999633789062,141.83999633789062,3712600
2017-03-22 13:30:00,142.5399932861328,143.8000030517578,140.75999450683594,142.64999389648438,142.64999389648438,6486900
2017-03-21 13:30:00,146.75,147.6999969482422,142.10000610351562,142.4199981689453,142.4199981689453,7669800
2017-03-20 13:30:00,145.4499969482422,146.25,144.5800018310547,145.8300018310547,145.8300018310547,3421000
2017-03-17 13:30:00,144.0500030517578,145.75999450683594,143.39999389648438,145.11000061035156,145.11000061035156,6281300
2017-03-16 13:30:00,145.5,146.5,144.22000122070312,144.38999938964844,144.38999938964844,5286500
2017-03-15 13:30:00,144.1999969482422,145.52000427246094,143.22999572753906,145.25,145.25,5987200
2017-03-14 13:30:00,142.9499969482422,143.30999755859375,141.6999969482422,143.19000244140625,143.19000244140625,4660300
2017-03-13 13:30:00,140.89999389648438,143.7100067138672,140.32000732421875,143.52000427246094,143.52000427246094,4922400
2017-03-10 14:30:00,141.38999938964844,141.8000030517578,140.27999877929688,140.88999938964844,140.88999938964844,3318500
2017-03-09 14:30:00,140.0399932861328,141.24000549316406,139.74000549316406,140.52999877929688,140.52999877929688,2652700
2017-03-08 14:30:00,141.47000122070312,142.05999755859375,139.77000427246094,140.32000732421875,140.32000732421875,4085500
2017-03-07 14:30:00,141.99000549316406,142.39999389648438,140.3800048828125,141.42999267578125,141.42999267578125,4241000
2017-03-06 14:30:00,141,142.83999633789062,140.5399932861328,141.94000244140625,141.94000244140625,7116100
2017-03-03 14:30:00,139.69000244140625,140.91000366210938,138.25999450683594,139.13999938964844,139.13999938964844,5399800
2017-03-02 14:30:00,142.14999389648438,142.6999969482422,139.08999633789062,139.52999877929688,139.52999877929688,6119900
2017-03-01 14:30:00,142.83999633789062,143.25999450683594,142.10000610351562,142.64999389648438,142.64999389648438,4170600
2017-02-28 14:30:00,143.3000030517578,143.57000732421875,141.85000610351562,142.1300048828125,142.1300048828125,3862200
2017-02-27 14:30:00,143.1199951171875,143.9199981689453,142.3800048828125,143.41000366210938,143.41000366210938,3902500
2017-02-24 14:30:00,141.8800048828125,143.55999755859375,141.5500030517578,143.25,143.25,3302700
2017-02-23 14:30:00,144.4499969482422,144.49000549316406,141.52000427246094,142.77999877929688,142.77999877929688,4668000
2017-02-22 14:30:00,142.9199981689453,144,142.1699981689453,143.86000061035156,143.86000061035156,3482000
2017-02-21 14:30:00,142.99000549316406,143.3800048828125,141.80999755859375,142.60000610351562,142.60000610351562,3571500
2017-02-17 14:30:00,141.75,142.89999389648438,141.27000427246094,142.22000122070312,142.22000122070312,4588100
2017-02-16 14:30:00,142.4199981689453,142.44000244140625,141.07000732421875,142.00999450683594,142.00999450683594,2847500
2017-02-15 14:30:00,140.72000122070312,142.42999267578125,140.50999450683594,142.27000427246094,142.27000427246094,5309100
2017-02-14 14:30:00,143.1999969482422,144.11000061035156,140.0500030517578,140.82000732421875,140.82000732421875,8355000
2017-02-13 14:30:00,145.19000244140625,145.9499969482422,143.0500030517578,143.1999969482422,143.1999969482422,4790400
2017-02-10 14:30:00,144.67999267578125,145.3000030517578,143.97000122070312,144.82000732421875,144.82000732421875,6171900
2017-02-09 14:30:00,144.97999572753906,145.08999633789062,143.5800018310547,144.13999938964844,144.13999938964844,4555100
2017-02-08 14:30:00,143.57000732421875,145.07000732421875,142.55999755859375,144.74000549316406,144.74000549316406,6887100
2017-02-07 14:30:00,141.49000549316406,144.27999877929688,141.0500030517578,144,144,8573500
2017-02-06 14:30:00,140,141,139.16000366210938,140.97000122070312,140.97000122070312,3552100
2017-02-03 14:30:00,139.50999450683594,140.63999938964844,139.10000610351562,140.25,140.25,3512600
2017-02-02 14:30:00,140.61000061035156,141.0399932861328,139.0500030517578,139.1999969482422,139.1999969482422,3462400
2017-02-01 14:30:00,141.1999969482422,142.41000366210938,139.3000030517578,140.77999877929688,140.77999877929688,6033400
2017-01-31 14:30:00,140.5500030517578,141.8300018310547,139.6999969482422,140.7100067138672,140.7100067138672,4411600
2017-01-30 14:30:00,141.77000427246094,141.97000122070312,138.8000030517578,141.22000122070312,141.22000122070312,8122500
2017-01-27 14:30:00,139.4600067138672,142.49000549316406,139,142.4499969482422,142.4499969482422,8323900
2017-01-26 14:30:00,140.4499969482422,141.2100067138672,138.50999450683594,138.9600067138672,138.9600067138672,6038300
2017-01-25 14:30:00,140.8000030517578,141.38999938964844,139.0500030517578,139.52000427246094,139.52000427246094,7238100
2017-01-24 14:30:00,138.11000061035156,140.92999267578125,137.02999877929688,140.11000061035156,140.11000061035156,7754700
2017-01-23 14:30:00,138.64999389648438,139.49000549316406,137.30999755859375,137.38999938964844,137.38999938964844,7433900
2017-01-20 14:30:00,139.36000061035156,140.7899932861328,137.66000366210938,138.60000610351562,138.60000610351562,9497400
2017-01-19 14:30:00,142.00999450683594,143.4600067138672,138.25,138.41000366210938,138.41000366210938,23203400
2017-01-18 14:30:00,133.2100067138672,133.64999389648438,131.05999755859375,133.25999450683594,133.25999450683594,16168600
2017-01-17 14:30:00,135.0399932861328,135.39999389648438,132.08999633789062,132.88999938964844,132.88999938964844,12183200
2017-01-13 14:30:00,131.14999389648438,133.92999267578125,130.5800018310547,133.6999969482422,133.6999969482422,10515000
2017-01-12 14:30:00,130.6300048828125,130.85000610351562,128.5,129.17999267578125,129.17999267578125,5388900
2017-01-11 14:30:00,130.91000366210938,131.5,129.25,130.5,130.5,5615100
2017-01-10 14:30:00,131.27000427246094,132.22000122070312,129.2899932861328,129.88999938964844,129.88999938964844,5985800
2017-01-09 14:30:00,131.47999572753906,131.99000549316406,129.88999938964844,130.9499969482422,130.9499969482422,5766900
2017-01-06 14:30:00,132.0800018310547,133.8800048828125,129.80999755859375,131.07000732421875,131.07000732421875,10657900
2017-01-05 14:30:00,129.22000122070312,132.75,128.89999389648438,131.80999755859375,131.80999755859375,10185500
2017-01-04 14:30:00,127.48999786376953,130.1699981689453,126.55000305175781,129.41000366210938,129.41000366210938,7843600
2017-01-03 14:30:00,124.95999908447266,128.19000244140625,124.30999755859375,127.48999786376953,127.48999786376953,9437900
2016-12-30 14:30:00,126.23999786376953,126.56999969482422,123.5999984741211,123.80000305175781,123.80000305175781,4455400
2016-12-29 14:30:00,125.94999694824219,126.13999938964844,124.19999694824219,125.33000183105469,125.33000183105469,3443700
2016-12-28 14:30:00,129.07000732421875,129.07000732421875,125.76000213623047,125.88999938964844,125.88999938964844,4389200
2016-12-27 14:30:00,126.23999786376953,129.0500030517578,125.69999694824219,128.35000610351562,128.35000610351562,5288200
2016-12-23 14:30:00,125.61000061035156,126.27999877929688,125.08000183105469,125.58999633789062,125.58999633789062,2002100
2016-12-22 14:30:00,126.83999633789062,127.5,125.18000030517578,125.58000183105469,125.58000183105469,4160700
2016-12-21 14:30:00,125.52999877929688,127.73999786376953,125,126.5,126.5,6514800
2016-12-20 14:30:00,125.45999908447266,126.30000305175781,124.63999938964844,125.12000274658203,125.12000274658203,3937800
2016-12-19 14:30:00,124.30000305175781,126.44000244140625,122.87000274658203,125.44999694824219,125.44999694824219,4867300
2016-12-16 14:30:00,126.38999938964844,126.68000030517578,124.01000213623047,124.22000122070312,124.22000122070312,7821700
2016-12-15 14:30:00,123.44000244140625,127.43000030517578,122.94999694824219,125,125,7376200
2016-12-14 14:30:00,123.43000030517578,124.4000015258789,122.5,123.44000244140625,123.44000244140625,6110300
2016-12-13 14:30:00,123.51000213623047,125.08999633789062,122.77999877929688,123.77999877929688,123.77999877929688,5564500
2016-12-12 14:30:00,122.83999633789062,124.02999877929688,122.30000305175781,122.83000183105469,122.83000183105469,3917600
2016-12-09 14:30:00,123.77999877929688,124.30000305175781,121.7300033569336,122.87999725341797,122.87999725341797,4700800
2016-12-08 14:30:00,125.4000015258789,126.3499984741211,122.16000366210938,123.23999786376953,123.23999786376953,8987700
2016-12-07 14:30:00,124.4800033569336,125.75,123.25,125.38999938964844,125.38999938964844,8204700
2016-12-06 14:30:00,120.0999984741211,124.79000091552734,119.41999816894531,124.56999969482422,124.56999969482422,11513200
2016-12-05 14:30:00,120.7300033569336,120.75,118.4000015258789,119.16000366210938,119.16000366210938,7626300
2016-12-02 14:30:00,116.75,120.9800033569336,116.75,120.80999755859375,120.80999755859375,8953600
2016-12-01 14:30:00,117.5199966430664,118.68000030517578,113.94999694824219,117.22000122070312,117.22000122070312,8636900
2016-11-30 14:30:00,119,120.37000274658203,116.38999938964844,117,117,7715100
2016-11-29 14:30:00,117.30000305175781,119.18000030517578,117.12999725341797,117.51000213623047,117.51000213623047,7082300
2016-11-28 14:30:00,117.05000305175781,117.62000274658203,115.70999908447266,116.93000030517578,116.93000030517578,5278900
2016-11-25 14:30:00,117.63999938964844,118.38999938964844,117.18000030517578,117.41000366210938,117.41000366210938,1616300
2016-11-23 14:30:00,117.76000213623047,118.88999938964844,117.30999755859375,117.69000244140625,117.69000244140625,4517400
2016-11-22 14:30:00,118.31999969482422,119.45999908447266,116.9800033569336,118.04000091552734,118.04000091552734,7007200
2016-11-21 14:30:00,116.19999694824219,118.72000122070312,116.19000244140625,117.95999908447266,117.95999908447266,7064500
2016-11-18 14:30:00,115.7300033569336,116.41999816894531,113.51000213623047,115.20999908447266,115.20999908447266,6746800
2016-11-17 14:30:00,115.12999725341797,116.80999755859375,113.55999755859375,115.02999877929688,115.02999877929688,6232700
2016-11-16 14:30:00,112.95999908447266,116.12000274658203,111.80999755859375,115.19000244140625,115.19000244140625,5924800
2016-11-15 14:30:00,114.55000305175781,116.41000366210938,113.08999633789062,113.58999633789062,113.58999633789062,7445100
2016-11-14 14:30:00,114.75,115.9000015258789,110.68000030517578,113.37999725341797,113.37999725341797,9923700
2016-11-11 14:30:00,114.9000015258789,116.62999725341797,113.11000061035156,114.77999877929688,114.77999877929688,11080300
2016-11-10 14:30:00,122.76000213623047,122.97000122070312,113.69999694824219,115.41999816894531,115.41999816894531,19718700
2016-11-09 14:30:00,121.83999633789062,123.6500015258789,120.86000061035156,122.19000244140625,122.19000244140625,7705700
2016-11-08 14:30:00,124.12000274658203,125.80999755859375,123.22000122070312,124.33999633789062,124.33999633789062,4667300
2016-11-07 14:30:00,124.26000213623047,125.75,123.37000274658203,124.58000183105469,124.58000183105469,5827100
2016-11-04 13:30:00,122,123.43000030517578,121.62000274658203,122.02999877929688,122.02999877929688,5077700
2016-11-03 13:30:00,122.30999755859375,123.72000122070312,121.83999633789062,122.13999938964844,122.13999938964844,5041300
2016-11-02 13:30:00,122.83000183105469,124.06999969482422,121.83000183105469,122.33999633789062,122.33999633789062,4816500
2016-11-01 13:30:00,124.9800033569336,125.83000183105469,121.80000305175781,123.30000305175781,123.30000305175781,6978600
2016-10-31 13:30:00,126.8499984741211,126.9000015258789,124.4000015258789,124.87000274658203,124.87000274658203,6517500
2016-10-28 13:30:00,126.08000183105469,128.92999267578125,126.01000213623047,126.56999969482422,126.56999969482422,7077300
2016-10-27 13:30:00,127.43000030517578,128.17999267578125,125.93000030517578,126.47000122070312,126.47000122070312,6914200
2016-10-26 13:30:00,126.29000091552734,128.72000122070312,125.75,126.97000122070312,126.97000122070312,8602400
2016-10-25 13:30:00,126.5199966430664,128.05999755859375,125.75,126.51000213623047,126.51000213623047,8253900
2016-10-24 13:30:00,127.41999816894531,129.2899932861328,126.1500015258789,127.33000183105469,127.33000183105469,15980700
2016-10-21 13:30:00,122.5,127.8499984741211,122.30999755859375,127.5,127.5,18832400
2016-10-20 13:30:00,121.97000122070312,123.75,121.05999755859375,123.3499984741211,123.3499984741211,14492800
2016-10-19 13:30:00,118.25,122.44999694824219,118,121.87000274658203,121.87000274658203,21981700
2016-10-18 13:30:00,116.62999725341797,119.81999969482422,116.5,118.79000091552734,118.79000091552734,42053700
2016-10-17 13:30:00,100.5,100.7300033569336,98.37999725341797,99.80000305175781,99.80000305175781,26589500
2016-10-14 13:30:00,101.58999633789062,102.0999984741211,100.3499984741211,101.47000122070312,101.47000122070312,9531100
2016-10-13 13:30:00,98.01000213623047,100.5,97.62999725341797,100.2300033569336,100.2300033569336,8319300
2016-10-12 13:30:00,100.87999725341797,102.47000122070312,99.22000122070312,99.5,99.5,7426500
2016-10-11 13:30:00,102.30999755859375,102.9000015258789,99.86000061035156,100.58999633789062,100.58999633789062,9032900
2016-10-10 13:30:00,103.18000030517578,104.52999877929688,102.76000213623047,103.33000183105469,103.33000183105469,6679100
2016-10-07 13:30:00,103.9800033569336,106.5,103.55000305175781,104.81999969482422,104.81999969482422,8659500
2016-10-06 13:30:00,104.97000122070312,105.47000122070312,103.87999725341797,105.06999969482422,105.06999969482422,6587700
2016-10-05 13:30:00,103.5,106.97000122070312,103.43000030517578,106.27999877929688,106.27999877929688,12942900
2016-10-04 13:30:00,103.19000244140625,104.44000244140625,101.86000061035156,102.33999633789062,102.33999633789062,12143100
2016-10-03 13:30:00,98,103.38999938964844,98,102.62999725341797,102.62999725341797,15344500
2016-09-30 13:30:00,96.9000015258789,99.52999877929688,96.79000091552734,98.55000305175781,98.55000305175781,9807900
2016-09-29 13:30:00,97.30999755859375,98.30999755859375,96.5999984741211,96.66999816894531,96.66999816894531,6217600
2016-09-28 13:30:00,97.0999984741211,97.58999633789062,96.0199966430664,97.4800033569336,97.4800033569336,7235100
2016-09-27 13:30:00,95.04000091552734,97.63999938964844,95,97.06999969482422,97.06999969482422,9680100
2016-09-26 13:30:00,95.37999725341797,95.37999725341797,94.04000091552734,94.55999755859375,94.55999755859375,6739200
2016-09-23 13:30:00,95.75,96.97000122070312,95.43000030517578,95.94000244140625,95.94000244140625,6179500
2016-09-22 13:30:00,95.54000091552734,95.87999725341797,94.2300033569336,95.83000183105469,95.83000183105469,11215000
2016-09-21 13:30:00,96.9000015258789,97.0999984741211,93.26000213623047,94.87999725341797,94.87999725341797,20042200
2016-09-20 13:30:00,98.77999877929688,99.16000366210938,97.66000366210938,98.25,98.25,4736800
2016-09-19 13:30:00,99.9000015258789,100.3499984741211,97.81999969482422,98.05999755859375,98.05999755859375,8608800
2016-09-16 13:30:00,97.0999984741211,99.48999786376953,97.04000091552734,99.4800033569336,99.4800033569336,9445100
2016-09-15 13:30:00,97.2300033569336,97.97000122070312,96.52999877929688,97.33999633789062,97.33999633789062,5293500
2016-09-14 13:30:00,97.3499984741211,98.3499984741211,96.95999908447266,97.01000213623047,97.01000213623047,8481000
2016-09-13 13:30:00,97.16999816894531,98,95.33000183105469,96.08999633789062,96.08999633789062,11788100
2016-09-12 13:30:00,95.91000366210938,99.29000091552734,95.70999908447266,99.05000305175781,99.05000305175781,7718400
2016-09-09 13:30:00,99.05999755859375,99.38999938964844,96.5,96.5,96.5,7373300
2016-09-08 13:30:00,99.2300033569336,100.05000305175781,98.81999969482422,99.66000366210938,99.66000366210938,5198200
2016-09-07 13:30:00,100.11000061035156,100.19000244140625,98.41999816894531,99.1500015258789,99.1500015258789,6468500
2016-09-06 13:30:00,97.76000213623047,100.31999969482422,97.6500015258789,100.08999633789062,100.08999633789062,9036100
2016-09-02 13:30:00,97.9000015258789,98.18000030517578,97.01000213623047,97.37999725341797,97.37999725341797,4247200
2016-09-01 13:30:00,97.80999755859375,97.9800033569336,96.91999816894531,97.37999725341797,97.37999725341797,4148600
2016-08-31 13:30:00,97.4800033569336,97.87999725341797,96.76000213623047,97.44999694824219,97.44999694824219,4690600
2016-08-30 13:30:00,97.83999633789062,98.8499984741211,97.13999938964844,97.44999694824219,97.44999694824219,6093500
2016-08-29 13:30:00,96.97000122070312,98.44999694824219,96.56999969482422,97.30000305175781,97.30000305175781,7972700
2016-08-26 13:30:00,97.33000183105469,97.94999694824219,96.56999969482422,97.58000183105469,97.58000183105469,6617600
2016-08-25 13:30:00,96.37999725341797,98.25,96.04000091552734,97.31999969482422,97.31999969482422,10823100
2016-08-24 13:30:00,96.12999725341797,96.36000061035156,94.91000366210938,95.18000030517578,95.18000030517578,6276500
2016-08-23 13:30:00,95.68000030517578,96.58999633789062,95.4800033569336,95.94000244140625,95.94000244140625,5239100
2016-08-22 13:30:00,95.66999816894531,96.12999725341797,94.94999694824219,95.26000213623047,95.26000213623047,5830500
2016-08-19 13:30:00,96.05000305175781,96.77999877929688,95.51000213623047,95.87000274658203,95.87000274658203,6942900
2016-08-18 13:30:00,95.9800033569336,97.22000122070312,95.16999816894531,96.16000366210938,96.16000366210938,7252600
2016-08-17 13:30:00,94.94000244140625,96.93000030517578,94.8499984741211,96.37000274658203,96.37000274658203,8315600
2016-08-16 13:30:00,95.19000244140625,95.61000061035156,94.4000015258789,95.12000274658203,95.12000274658203,6311300
2016-08-15 13:30:00,96.83000183105469,96.91000366210938,95.23999786376953,95.30999755859375,95.30999755859375,7304600
2016-08-12 13:30:00,95.52999877929688,96.83000183105469,95.08000183105469,96.58999633789062,96.58999633789062,6592900
2016-08-11 13:30:00,94.5999984741211,96.33000183105469,94.37000274658203,95.88999938964844,95.88999938964844,8535500
2016-08-10 13:30:00,94.4000015258789,94.75,92.94999694824219,93.93000030517578,93.93000030517578,6511100
2016-08-09 13:30:00,95.12000274658203,95.80999755859375,93.4800033569336,93.98999786376953,93.98999786376953,9175400
2016-08-08 13:30:00,95.91000366210938,95.93000030517578,94,95.11000061035156,95.11000061035156,10135400
2016-08-05 13:30:00,93.7699966430664,97.73999786376953,93.55999755859375,97.02999877929688,97.02999877929688,18364800
2016-08-04 13:30:00,93.19999694824219,93.7300033569336,91.81999969482422,93.44000244140625,93.44000244140625,6026400
2016-08-03 13:30:00,93.27999877929688,94.66999816894531,92.55000305175781,93.0999984741211,93.0999984741211,7030900
2016-08-02 13:30:00,94,94.08000183105469,92.18000030517578,93.55999755859375,93.55999755859375,9836200
2016-08-01 13:30:00,91.2300033569336,94.66999816894531,90.5,94.37000274658203,94.37000274658203,10666900
2016-07-29 13:30:00,91.19000244140625,91.75,90.58999633789062,91.25,91.25,6960200
2016-07-28 13:30:00,91.91999816894531,92.20999908447266,90.68000030517578,91.6500015258789,91.6500015258789,6227700
2016-07-27 13:30:00,91.5,92.05999755859375,90.0999984741211,92.04000091552734,92.04000091552734,8672000
2016-07-26 13:30:00,91.02999877929688,93.0999984741211,90.9000015258789,91.41000366210938,91.41000366210938,19577600
2016-07-25 13:30:00,85.7300033569336,87.87000274658203,85.01000213623047,87.66000366210938,87.66000366210938,14135000
2016-07-22 13:30:00,86.4800033569336,86.5,85.11000061035156,85.88999938964844,85.88999938964844,11363900
2016-07-21 13:30:00,88.30000305175781,88.37999725341797,85.20999908447266,85.98999786376953,85.98999786376953,16084000
2016-07-20 13:30:00,86.66999816894531,88.48999786376953,85.81999969482422,87.91000366210938,87.91000366210938,23525100
2016-07-19 13:30:00,85.43000030517578,86.75,84.5,85.83999633789062,85.83999633789062,55681200
2016-07-18 13:30:00,98.43000030517578,99.83999633789062,97.23999786376953,98.80999755859375,98.80999755859375,28669700
2016-07-15 13:30:00,98.5199966430664,98.69999694824219,97.41000366210938,98.38999938964844,98.38999938964844,9041900
2016-07-14 13:30:00,97,98.2699966430664,96.80000305175781,98.0199966430664,98.0199966430664,9885000
2016-07-13 13:30:00,96.26000213623047,96.72000122070312,94.80000305175781,96.43000030517578,96.43000030517578,8768900
2016-07-12 13:30:00,95.06999969482422,96.72000122070312,94.08999633789062,95.97000122070312,95.97000122070312,11617400
2016-07-11 13:30:00,96.19000244140625,96.87000274658203,94.30000305175781,94.66999816894531,94.66999816894531,13276200
2016-07-08 13:30:00,96,97.41000366210938,95.30000305175781,97.05999755859375,97.05999755859375,8335400
2016-07-07 13:30:00,94.69999694824219,95.37999725341797,93.18000030517578,95.0999984741211,95.0999984741211,9902700
2016-07-06 13:30:00,95.02999877929688,96,93.55000305175781,94.5999984741211,94.5999984741211,16301200
2016-07-05 13:30:00,95.19999694824219,101.2699966430664,93.30999755859375,97.91000366210938,97.91000366210938,25879400
2016-07-01 13:30:00,95,97,94.80000305175781,96.66999816894531,96.66999816894531,16167200
2016-06-30 13:30:00,90.91000366210938,91.72000122070312,89.9000015258789,91.4800033569336,91.4800033569336,9099000
2016-06-29 13:30:00,89.66999816894531,91.97000122070312,88.69999694824219,91.05999755859375,91.05999755859375,11687100
2016-06-28 13:30:00,87.41000366210938,88.87999725341797,86.41000366210938,87.97000122070312,87.97000122070312,11545600
2016-06-27 13:30:00,87.87999725341797,88,84.80999755859375,85.33000183105469,85.33000183105469,13730500
2016-06-24 13:30:00,87.52999877929688,90.48999786376953,87.20999908447266,88.44000244140625,88.44000244140625,11248600
2016-06-23 13:30:00,90.62000274658203,91.68000030517578,88.1500015258789,91.66000366210938,91.66000366210938,10819000
2016-06-22 13:30:00,90.77999877929688,91.9800033569336,89.7699966430664,90.01000213623047,90.01000213623047,9454700
2016-06-21 13:30:00,93.87000274658203,93.87999725341797,90.7699966430664,90.98999786376953,90.98999786376953,15199700
2016-06-20 13:30:00,95.22000122070312,95.87999725341797,93.6500015258789,93.80000305175781,93.80000305175781,9026400
2016-06-17 13:30:00,95.75,95.7699966430664,94.19999694824219,94.44999694824219,94.44999694824219,8046800
2016-06-16 13:30:00,94.18000030517578,95.55999755859375,93.25,95.44000244140625,95.44000244140625,7550800
2016-06-15 13:30:00,94.61000061035156,95.45999908447266,93.5,94.29000091552734,94.29000091552734,7675400
2016-06-14 13:30:00,94.16000366210938,95.80000305175781,93.2699966430664,94.12000274658203,94.12000274658203,9480400
2016-06-13 13:30:00,95.0199966430664,97.19999694824219,93.62000274658203,93.8499984741211,93.8499984741211,13484300
2016-06-10 13:30:00,94.87999725341797,95.3499984741211,93.27999877929688,93.75,93.75,12907900
2016-06-09 13:30:00,97.22000122070312,98.43000030517578,96.66000366210938,97.08999633789062,97.08999633789062,8923800
2016-06-08 13:30:00,100.0199966430664,100.27999877929688,97.5999984741211,97.86000061035156,97.86000061035156,9423900
2016-06-07 13:30:00,101.19999694824219,101.62999725341797,99.7699966430664,99.88999938964844,99.88999938964844,6474700
2016-06-06 13:30:00,100.29000091552734,101.06999969482422,99.72000122070312,100.73999786376953,100.73999786376953,6828100
2016-06-03 13:30:00,100.98999786376953,101,98.52999877929688,99.58999633789062,99.58999633789062,9224000
2016-06-02 13:30:00,101.38999938964844,102.1500015258789,100.7699966430664,101.25,101.25,7979900
2016-06-01 13:30:00,101.5,101.91999816894531,100.16000366210938,101.51000213623047,101.51000213623047,8393400
2016-05-31 13:30:00,102.94999694824219,103.44999694824219,102.12999725341797,102.56999969482422,102.56999969482422,8725700
2016-05-27 13:30:00,102.44000244140625,103.5,101.44000244140625,103.30000305175781,103.30000305175781,9092100
2016-05-26 13:30:00,103.20999908447266,104,101.37999725341797,102.80999755859375,102.80999755859375,17791400
2016-05-25 13:30:00,99,100.30999755859375,98.30000305175781,100.19999694824219,100.19999694824219,15142900
2016-05-24 13:30:00,95.9800033569336,99.13999938964844,95.75,97.88999938964844,97.88999938964844,21246000
2016-05-23 13:30:00,92.9800033569336,95.29000091552734,92.8499984741211,94.88999938964844,94.88999938964844,13962700
2016-05-20 13:30:00,90.08000183105469,93.27999877929688,89.9800033569336,92.48999786376953,92.48999786376953,15063000
2016-05-19 13:30:00,90.16000366210938,91.2699966430664,88.30000305175781,89.55000305175781,89.55000305175781,11450300
2016-05-18 13:30:00,88.25,91.72000122070312,88.25,90.5,90.5,13911800
2016-05-17 13:30:00,89,90.87000274658203,88.16999816894531,88.62999725341797,88.62999725341797,11571300
2016-05-16 13:30:00,87.55999755859375,90,86.1500015258789,89.12000274658203,89.12000274658203,11247800
2016-05-13 13:30:00,87.38999938964844,88.58999633789062,86.26000213623047,87.87999725341797,87.87999725341797,11571400
2016-05-12 13:30:00,90.31999969482422,90.41000366210938,85.73999786376953,87.73999786376953,87.73999786376953,20408100
2016-05-11 13:30:00,92.4000015258789,92.58999633789062,89.9000015258789,90.0199966430664,90.0199966430664,11692900
2016-05-10 13:30:00,91.13999938964844,93.25,91.08999633789062,92.88999938964844,92.88999938964844,11164200
2016-05-09 13:30:00,90.7300033569336,91.83000183105469,89.9000015258789,90.54000091552734,90.54000091552734,9543700
2016-05-06 13:30:00,88.83000183105469,90.87999725341797,88.11000061035156,90.83999633789062,90.83999633789062,10433900
2016-05-05 13:30:00,90.91000366210938,92.08000183105469,89.25,89.37000274658203,89.37000274658203,10368500
2016-05-04 13:30:00,91,92.16000366210938,90.3499984741211,90.79000091552734,90.79000091552734,7356800
2016-05-03 13:30:00,92.08000183105469,93.25,91.30000305175781,91.54000091552734,91.54000091552734,10593900
2016-05-02 13:30:00,90.41000366210938,93.22000122070312,89.88999938964844,93.11000061035156,93.11000061035156,12547000
2016-04-29 13:30:00,90.5,90.55999755859375,88.20999908447266,90.02999877929688,90.02999877929688,13968000
2016-04-28 13:30:00,91.5,92.66999816894531,90.08999633789062,90.27999877929688,90.27999877929688,11474900
2016-04-27 13:30:00,92.18000030517578,92.5,90.20999908447266,91.04000091552734,91.04000091552734,12218900
2016-04-26 13:30:00,93.5,93.55000305175781,91.25,92.43000030517578,92.43000030517578,15330900
2016-04-25 13:30:00,95.69999694824219,95.75,92.80000305175781,93.55999755859375,93.55999755859375,14985400
2016-04-22 13:30:00,94.8499984741211,96.69000244140625,94.20999908447266,95.9000015258789,95.9000015258789,15806300
2016-04-21 13:30:00,97.30999755859375,97.37999725341797,94.77999877929688,94.9800033569336,94.9800033569336,19919400
2016-04-20 13:30:00,94.33999633789062,96.9800033569336,93.13999938964844,96.7699966430664,96.7699966430664,26613500
2016-04-19 13:30:00,99.48999786376953,101.37000274658203,94.19999694824219,94.33999633789062,94.33999633789062,55728800
2016-04-18 13:30:00,109.9000015258789,110.69999694824219,106.0199966430664,108.4000015258789,108.4000015258789,27001500
2016-04-15 13:30:00,110.63999938964844,111.8499984741211,109.77999877929688,111.51000213623047,111.51000213623047,11746100
2016-04-14 13:30:00,110.01000213623047,111.63999938964844,109.1500015258789,110.41999816894531,110.41999816894531,9532500
2016-04-13 13:30:00,108,111.27999877929688,107.87999725341797,109.6500015258789,109.6500015258789,16701700
2016-04-12 13:30:00,103.1500015258789,107.22000122070312,102.20999908447266,106.9800033569336,106.9800033569336,12310200
2016-04-11 13:30:00,104.04000091552734,104.9800033569336,102.62000274658203,102.68000030517578,102.68000030517578,7451300
2016-04-08 13:30:00,105.12000274658203,105.33000183105469,102.81999969482422,103.80999755859375,103.80999755859375,7857600
2016-04-07 13:30:00,104.30999755859375,106.44000244140625,103.5999984741211,104.44999694824219,104.44999694824219,10774900
2016-04-06 13:30:00,105.30000305175781,106.44000244140625,104.25,104.83000183105469,104.83000183105469,9585900
2016-04-05 13:30:00,103.47000122070312,105.75,103.25,104.94000244140625,104.94000244140625,10060900
2016-04-04 13:30:00,105.9000015258789,105.91999816894531,103.19999694824219,104.3499984741211,104.3499984741211,10940400
2016-04-01 13:30:00,102.93000030517578,105.79000091552734,102.47000122070312,105.69999694824219,105.69999694824219,14182400
2016-03-31 13:30:00,102.43000030517578,103.52999877929688,101.05000305175781,102.2300033569336,102.2300033569336,9747500
2016-03-30 13:30:00,104.6500015258789,104.91000366210938,101.4800033569336,102.19000244140625,102.19000244140625,14705000
2016-03-29 13:30:00,101.08000183105469,104.33000183105469,101,104.12999725341797,104.12999725341797,15950600
2016-03-28 13:30:00,98.33999633789062,101.44000244140625,97.81999969482422,101.20999908447266,101.20999908447266,12432200
2016-03-24 13:30:00,98.63999938964844,98.8499984741211,97.06999969482422,98.36000061035156,98.36000061035156,10671100
2016-03-23 13:30:00,99.75,100.38999938964844,98.80999755859375,99.58999633789062,99.58999633789062,8313500
2016-03-22 13:30:00,100.4800033569336,101.5199966430664,99.19999694824219,99.83999633789062,99.83999633789062,9069900
2016-03-21 13:30:00,101.1500015258789,102.0999984741211,99.5,101.05999755859375,101.05999755859375,9578500
2016-03-18 13:30:00,100.5,102.41000366210938,100.01000213623047,101.12000274658203,101.12000274658203,15453500
2016-03-17 13:30:00,99.05000305175781,101.38999938964844,99,99.72000122070312,99.72000122070312,13825000
2016-03-16 13:30:00,97.52999877929688,99.7300033569336,97.5,99.3499984741211,99.3499984741211,12630500
2016-03-15 13:30:00,97.87000274658203,98.51000213623047,96.43000030517578,97.86000061035156,97.86000061035156,9691800
2016-03-14 13:30:00,97.19999694824219,99.41999816894531,97.16999816894531,98.12999725341797,98.12999725341797,11251900
2016-03-11 14:30:00,99.51000213623047,99.5999984741211,96.05000305175781,97.66000366210938,97.66000366210938,15114300
2016-03-10 14:30:00,98.18000030517578,99.73999786376953,95.44999694824219,97.36000061035156,97.36000061035156,16979400
2016-03-09 14:30:00,96.81999969482422,98.37000274658203,95,98,98,12298700
2016-03-08 14:30:00,95,98.27999877929688,94.5,96.2300033569336,96.2300033569336,14797000
2016-03-07 14:30:00,101,101.79000091552734,95.25,95.48999786376953,95.48999786376953,23855200
2016-03-04 14:30:00,98.76000213623047,102.22000122070312,98.31999969482422,101.58000183105469,101.58000183105469,23414600
2016-03-03 14:30:00,97.83000183105469,98.3499984741211,95.38999938964844,97.93000030517578,97.93000030517578,15303600
2016-03-02 14:30:00,98.01000213623047,99.4800033569336,95.9000015258789,97.61000061035156,97.61000061035156,19102800
2016-03-01 14:30:00,94.58000183105469,99.16000366210938,93.61000061035156,98.30000305175781,98.30000305175781,17048800
2016-02-29 14:30:00,94.80999755859375,97.19999694824219,93.33999633789062,93.41000366210938,93.41000366210938,13663100
2016-02-26 14:30:00,95.30000305175781,97.4800033569336,94.25,94.79000091552734,94.79000091552734,16975200
2016-02-25 14:30:00,91.08000183105469,94.80999755859375,90.20999908447266,94.52999877929688,94.52999877929688,17852900
2016-02-24 14:30:00,88.5,91.76000213623047,86.69999694824219,91.61000061035156,91.61000061035156,15972800
2016-02-23 14:30:00,91.4000015258789,92.48999786376953,89.05000305175781,89.12000274658203,89.12000274658203,12744400
2016-02-22 14:30:00,90.75,93.11000061035156,88.30000305175781,91.93000030517578,91.93000030517578,16321800
2016-02-19 14:30:00,89.9800033569336,91.4000015258789,88.02999877929688,89.2300033569336,89.2300033569336,14259200
2016-02-18 14:30:00,94.80000305175781,94.9000015258789,90.30999755859375,90.48999786376953,90.48999786376953,17695300
2016-02-17 14:30:00,90.12999725341797,94.7699966430664,89.63999938964844,94.76000213623047,94.76000213623047,18323800
2016-02-16 14:30:00,89,90.13999938964844,87.54000091552734,89.05000305175781,89.05000305175781,16356600
2016-02-12 14:30:00,86.63999938964844,89.72000122070312,85.26000213623047,87.4000015258789,87.4000015258789,19067700
2016-02-11 14:30:00,87.41999816894531,88.38999938964844,82.91000366210938,86.3499984741211,86.3499984741211,21820300
2016-02-10 14:30:00,89,92.20999908447266,87.41999816894531,88.44999694824219,88.44999694824219,23146500
2016-02-09 14:30:00,81.75,88.4000015258789,81.55000305175781,86.12999725341797,86.12999725341797,25822400
2016-02-08 14:30:00,80.56999969482422,84.69999694824219,79.94999694824219,83.31999969482422,83.31999969482422,25035600
2016-02-05 14:30:00,88.2300033569336,88.94999694824219,81.86000061035156,82.79000091552734,82.79000091552734,25929300
2016-02-04 14:30:00,89.5,91.25,86.54000091552734,89.70999908447266,89.70999908447266,19055400
2016-02-03 14:30:00,92.41000366210938,92.69000244140625,86.13999938964844,90.73999786376953,90.73999786376953,27466000
2016-02-02 14:30:00,95.54000091552734,96.6500015258789,90.7300033569336,91.48999786376953,91.48999786376953,21906500
2016-02-01 14:30:00,91.79000091552734,97.18000030517578,91.30000305175781,94.08999633789062,94.08999633789062,19684500
2016-01-29 14:30:00,92,94.38999938964844,90.62999725341797,91.83999633789062,91.83999633789062,20463900
2016-01-28 14:30:00,93.83999633789062,95.25,90.11000061035156,94.41000366210938,94.41000366210938,24562300
2016-01-27 14:30:00,96.61000061035156,97.8499984741211,90.58999633789062,91.1500015258789,91.1500015258789,25556200
2016-01-26 14:30:00,99.73999786376953,100.55000305175781,94.8499984741211,97.83000183105469,97.83000183105469,22024700
2016-01-25 14:30:00,99.77999877929688,102.68000030517578,99,99.12000274658203,99.12000274658203,20321100
2016-01-22 14:30:00,104.72000122070312,104.98999786376953,99.22000122070312,100.72000122070312,100.72000122070312,26821800
2016-01-21 14:30:00,108.31999969482422,108.51000213623047,102.0999984741211,102.3499984741211,102.3499984741211,31027500
2016-01-20 14:30:00,108.91000366210938,109.98999786376953,97.05000305175781,107.73999786376953,107.73999786376953,53009400
2016-01-19 14:30:00,106.56999969482422,110.13999938964844,105.55000305175781,107.88999938964844,107.88999938964844,35722800
2016-01-15 14:30:00,102.43000030517578,105.5,101.72000122070312,104.04000091552734,104.04000091552734,19775100
2016-01-14 14:30:00,105.6500015258789,109.25,101.20999908447266,107.05999755859375,107.05999755859375,23664800
2016-01-13 14:30:00,114.43000030517578,114.4800033569336,104.52999877929688,106.55999755859375,106.55999755859375,24921600
2016-01-12 14:30:00,116.11000061035156,117.77999877929688,115.08000183105469,116.58000183105469,116.58000183105469,15133500
2016-01-11 14:30:00,112.12999725341797,116.79000091552734,111.19999694824219,114.97000122070312,114.97000122070312,21865700
2016-01-08 14:30:00,116.33000183105469,117.72000122070312,111.0999984741211,111.38999938964844,111.38999938964844,18067100
2016-01-07 14:30:00,116.36000061035156,122.18000030517578,112.29000091552734,114.55999755859375,114.55999755859375,33636700
2016-01-06 14:30:00,105.29000091552734,117.91000366210938,104.95999908447266,117.68000030517578,117.68000030517578,33045700
2016-01-05 14:30:00,110.44999694824219,110.58000183105469,105.8499984741211,107.66000366210938,107.66000366210938,17664600
2016-01-04 14:30:00,109,110,105.20999908447266,109.95999908447266,109.95999908447266,20794800
2015-12-31 14:30:00,116.20999908447266,117.45999908447266,114.27999877929688,114.37999725341797,114.37999725341797,9273000
2015-12-30 14:30:00,118.94999694824219,119.0199966430664,116.43000030517578,116.70999908447266,116.70999908447266,8149700
2015-12-29 14:30:00,118.19000244140625,119.5999984741211,116.91999816894531,119.12000274658203,119.12000274658203,8159200
2015-12-28 14:30:00,117.26000213623047,117.3499984741211,113.8499984741211,117.11000061035156,117.11000061035156,8406300
2015-12-24 14:30:00,118.22000122070312,118.80000305175781,117.30000305175781,117.33000183105469,117.33000183105469,3541400
2015-12-23 14:30:00,116.91000366210938,118.55999755859375,115.77999877929688,118.16000366210938,118.16000366210938,9324300
2015-12-22 14:30:00,117.30000305175781,117.43000030517578,114.86000061035156,116.23999786376953,116.23999786376953,9660900
2015-12-21 14:30:00,119.51000213623047,119.58999633789062,115.66000366210938,116.62999725341797,116.62999725341797,11670000
2015-12-18 14:30:00,120.8499984741211,122.19000244140625,117.91999816894531,118.0199966430664,118.0199966430664,17948100
2015-12-17 14:30:00,123.97000122070312,126.3499984741211,122.41999816894531,122.51000213623047,122.51000213623047,17284900
2015-12-16 14:30:00,119.80000305175781,123,118.08999633789062,122.63999938964844,122.63999938964844,13181000
2015-12-15 14:30:00,121.93000030517578,123.30000305175781,118.54000091552734,118.5999984741211,118.5999984741211,11760000
2015-12-14 14:30:00,119.7699966430664,120.9000015258789,114.66000366210938,120.66999816894531,120.66999816894531,18679300
2015-12-11 14:30:00,121.44999694824219,123,118.5999984741211,118.91000366210938,118.91000366210938,16105300
2015-12-10 14:30:00,124.5,125.20999908447266,121.62000274658203,122.91000366210938,122.91000366210938,13437500
2015-12-09 14:30:00,127.69999694824219,128.77999877929688,122.33000183105469,124.19999694824219,124.19999694824219,17788800
2015-12-08 14:30:00,121.51000213623047,128.24000549316406,121.0999984741211,126.9800033569336,126.9800033569336,18591100
2015-12-07 14:30:00,131.19000244140625,133.27000427246094,122.75,125.36000061035156,125.36000061035156,23351600
2015-12-04 14:30:00,127,130.99000549316406,125.75,130.92999267578125,130.92999267578125,20250400
2015-12-03 14:30:00,129.6199951171875,132.1999969482422,126.38999938964844,126.80999755859375,126.80999755859375,26647300
2015-12-02 14:30:00,125.52999877929688,131.35000610351562,124.93000030517578,128.92999267578125,128.92999267578125,24105700
2015-12-01 14:30:00,124.47000122070312,125.56999969482422,122.41999816894531,125.37000274658203,125.37000274658203,12550800
2015-11-30 14:30:00,126.02999877929688,126.5999984741211,122.88999938964844,123.33000183105469,123.33000183105469,13894000
2015-11-27 14:30:00,123.8499984741211,126.38999938964844,123.58999633789062,125.44000244140625,125.44000244140625,6645500
2015-11-25 14:30:00,124.2300033569336,125.19999694824219,122.36000061035156,124.16000366210938,124.16000366210938,10980700
2015-11-24 14:30:00,123.66999816894531,124.66000366210938,120.02999877929688,123.30999755859375,123.30999755859375,18335300
2015-11-23 14:30:00,124.30000305175781,126.19999694824219,121.66000366210938,125.02999877929688,125.02999877929688,15727000
2015-11-20 14:30:00,120.8499984741211,124.06999969482422,119.20999908447266,123.83999633789062,123.83999633789062,17977000
2015-11-19 14:30:00,120.25,123.12999725341797,119.61000061035156,120.22000122070312,120.22000122070312,19253200
2015-11-18 14:30:00,117.94000244140625,121,116.0999984741211,120.62999725341797,120.62999725341797,23353600
2015-11-17 14:30:00,112.11000061035156,118.79000091552734,111.69999694824219,117.0999984741211,117.0999984741211,33016300
2015-11-16 14:30:00,102.97000122070312,111.6500015258789,101.86000061035156,111.3499984741211,111.3499984741211,19866200
2015-11-13 14:30:00,108.33999633789062,109.06999969482422,103.2699966430664,103.6500015258789,103.6500015258789,18819400
2015-11-12 14:30:00,112.5199966430664,115.25,108.19999694824219,108.91999816894531,108.91999816894531,17568200
2015-11-11 14:30:00,113.08000183105469,114.61000061035156,111.41000366210938,112.86000061035156,112.86000061035156,11039200
2015-11-10 14:30:00,108.86000061035156,112.83999633789062,108.01000213623047,112.69999694824219,112.69999694824219,11166400
2015-11-09 14:30:00,113.36000061035156,114,108.63999938964844,109.86000061035156,109.86000061035156,16154600
2015-11-06 14:30:00,113.38999938964844,114.80000305175781,112.05000305175781,114.05999755859375,114.05999755859375,10936600
2015-11-05 14:30:00,113.75,115.68000030517578,111.72000122070312,113.5,113.5,13814900
2015-11-04 14:30:00,110.36000061035156,114.27999877929688,109.38999938964844,114.05000305175781,114.05000305175781,17207500
2015-11-03 14:30:00,107.36000061035156,111.05000305175781,107.23999786376953,109.73999786376953,109.73999786376953,12484100
2015-11-02 14:30:00,109.19999694824219,109.37000274658203,106.30000305175781,107.63999938964844,107.63999938964844,11784600
2015-10-30 13:30:00,105.12000274658203,110.0999984741211,104.9000015258789,108.37999725341797,108.37999725341797,15571500
2015-10-29 13:30:00,105,106.91000366210938,104.75,105.12000274658203,105.12000274658203,9802700
2015-10-28 13:30:00,102.9000015258789,106.20999908447266,102.05999755859375,105.80000305175781,105.80000305175781,13094000
2015-10-27 13:30:00,102.58000183105469,104.72000122070312,101.2300033569336,103.06999969482422,103.06999969482422,12066400
2015-10-26 13:30:00,100.05000305175781,103.30999755859375,99.37999725341797,103.04000091552734,103.04000091552734,12234800
2015-10-23 13:30:00,97.61000061035156,101.55999755859375,97.2699966430664,100.04000091552734,100.04000091552734,18019900
2015-10-22 13:30:00,98.06999969482422,99.93000030517578,96.86000061035156,97.31999969482422,97.31999969482422,12786800
2015-10-21 13:30:00,99.66999816894531,100.33999633789062,97.01000213623047,97.95999908447266,97.95999908447266,13728500
2015-10-20 13:30:00,101.05999755859375,102.11000061035156,97.58000183105469,98.98999786376953,98.98999786376953,17285300
2015-10-19 13:30:00,98.06999969482422,103.62000274658203,96.26000213623047,101.69000244140625,101.69000244140625,29964700
2015-10-16 13:30:00,100.20999908447266,101.6500015258789,98.41000366210938,98.98999786376953,98.98999786376953,21340500
2015-10-15 13:30:00,103.7699966430664,104.87999725341797,99.0999984741211,101.08999633789062,101.08999633789062,48484300
2015-10-14 13:30:00,111.5,111.62999725341797,108.05000305175781,110.2300033569336,110.2300033569336,33231500
2015-10-13 13:30:00,112.8499984741211,113.72000122070312,108.77999877929688,109.7300033569336,109.7300033569336,17512100
2015-10-12 13:30:00,114.44999694824219,115.41999816894531,112.36000061035156,113.44999694824219,113.44999694824219,12624500
2015-10-09 13:30:00,114.11000061035156,115.83000183105469,112.44000244140625,113.33000183105469,113.33000183105469,22455200
2015-10-08 13:30:00,107.94000244140625,115.05000305175781,102.5999984741211,114.93000030517578,114.93000030517578,42831900
2015-10-07 13:30:00,108.83999633789062,109.77999877929688,106.75,108.0999984741211,108.0999984741211,12329500
2015-10-06 13:30:00,110.33000183105469,112.25,105.63999938964844,108.33000183105469,108.33000183105469,20629800
2015-10-05 13:30:00,107.4800033569336,112.27999877929688,105.76000213623047,111.25,111.25,21157900
2015-10-02 13:30:00,103.01000213623047,106.87000274658203,101.44999694824219,106.11000061035156,106.11000061035156,21526700
2015-10-01 13:30:00,102.91000366210938,106.11000061035156,101.12000274658203,105.9800033569336,105.9800033569336,17426900
2015-09-30 13:30:00,99.91000366210938,103.45999908447266,99.05000305175781,103.26000213623047,103.26000213623047,16971300
2015-09-29 13:30:00,99.62999725341797,100.62999725341797,96.8499984741211,98.3499984741211,98.3499984741211,17405900
2015-09-28 13:30:00,101.56999969482422,103.33000183105469,97.83999633789062,99.47000122070312,99.47000122070312,17026600
2015-09-25 13:30:00,105.30000305175781,105.44999694824219,101.56999969482422,102.23999786376953,102.23999786376953,19066600
2015-09-24 13:30:00,97.11000061035156,104,96.77999877929688,103.76000213623047,103.76000213623047,21274500
2015-09-23 13:30:00,98.5999984741211,99.73999786376953,97.66000366210938,98.06999969482422,98.06999969482422,10264500
2015-09-22 13:30:00,98.29000091552734,99.9000015258789,97,98.47000122070312,98.47000122070312,16717900
2015-09-21 13:30:00,103.30000305175781,103.7699966430664,99.55999755859375,100.30000305175781,100.30000305175781,17900600
2015-09-18 13:30:00,102,104.36000061035156,100.70999908447266,102.62000274658203,102.62000274658203,21594400
2015-09-17 13:30:00,103.66999816894531,107.5,101.83000183105469,104.20999908447266,104.20999908447266,25817700
2015-09-16 13:30:00,99.69999694824219,104.4800033569336,99.33000183105469,104.08000183105469,104.08000183105469,28058200
2015-09-15 13:30:00,95.22000122070312,99.6500015258789,93.61000061035156,99.16000366210938,99.16000366210938,22299200
2015-09-14 13:30:00,96.83999633789062,97.91000366210938,94.33000183105469,95.69000244140625,95.69000244140625,15546000
2015-09-11 13:30:00,98.56999969482422,100.8499984741211,97.2300033569336,97.51000213623047,97.51000213623047,17373900
2015-09-10 13:30:00,99.41999816894531,100.8499984741211,96.77999877929688,99.4800033569336,99.4800033569336,21031900
2015-09-09 13:30:00,96.51000213623047,102.79000091552734,95.5199966430664,99.18000030517578,99.18000030517578,35416300
2015-09-08 13:30:00,102.08000183105469,102.5,93.55000305175781,94.94999694824219,94.94999694824219,43479700
2015-09-04 13:30:00,98.05000305175781,99.93000030517578,97.33999633789062,98.79000091552734,98.79000091552734,24212000
2015-09-03 13:30:00,102.69000244140625,104.16999816894531,100.11000061035156,101.05999755859375,101.05999755859375,29546700
2015-09-02 13:30:00,109.30999755859375,109.5,100.30000305175781,105.44000244140625,105.44000244140625,39843300
2015-09-01 13:30:00,109.3499984741211,111.23999786376953,103.81999969482422,105.79000091552734,105.79000091552734,35977100
2015-08-31 13:30:00,115.23999786376953,117,113.76000213623047,115.02999877929688,115.02999877929688,16855800
2015-08-28 13:30:00,116.3499984741211,119.3499984741211,115.87999725341797,117.62999725341797,117.62999725341797,20240200
2015-08-27 13:30:00,114.94000244140625,118.25,113.0199966430664,117.66000366210938,117.66000366210938,37056100
2015-08-26 13:30:00,107.1500015258789,110.27999877929688,102.0199966430664,110.12999725341797,110.12999725341797,36164600
2015-08-25 13:30:00,107.75,107.87999725341797,101.5,101.5199966430664,101.5199966430664,37620700
2015-08-24 13:30:00,88.75,109.62999725341797,85.5,96.87999725341797,96.87999725341797,59951900
2015-08-21 13:30:00,106.19999694824219,110,102.75,103.95999908447266,103.95999908447266,33228300
2015-08-20 13:30:00,119.80000305175781,121.44999694824219,111.33999633789062,112.48999786376953,112.48999786376953,28045300
2015-08-19 13:30:00,123.5,123.69999694824219,121.5,122.05999755859375,122.05999755859375,10115300
2015-08-18 13:30:00,125.26000213623047,126.75,123.55000305175781,124.05000305175781,124.05000305175781,9382000
2015-08-17 13:30:00,123.13999938964844,125.69999694824219,122.58999633789062,125.36000061035156,125.36000061035156,9233800
2015-08-14 13:30:00,124.95999908447266,125,123,123.38999938964844,123.38999938964844,8631900
2015-08-13 13:30:00,120.98999786376953,125.7300033569336,119.33999633789062,123.7300033569336,123.7300033569336,15284400
2015-08-12 13:30:00,121.47000122070312,122.44999694824219,118.66000366210938,120.51000213623047,120.51000213623047,13822500
2015-08-11 13:30:00,120.01000213623047,123.76000213623047,120,122.73999786376953,122.73999786376953,11047600
2015-08-10 13:30:00,126.08999633789062,126.5,121.51000213623047,123.02999877929688,123.02999877929688,13424600
2015-08-07 13:30:00,126.41999816894531,126.5999984741211,121.30000305175781,123.5199966430664,123.5199966430664,17360700
2015-08-06 13:30:00,126.29000091552734,128.85000610351562,122.04000091552734,126.44999694824219,126.44999694824219,24716700
2015-08-05 13:30:00,125.62000274658203,129.2899932861328,122.70999908447266,123.70999908447266,123.70999908447266,26946500
2015-08-04 13:30:00,113.1500015258789,122.79000091552734,113,121.1500015258789,121.1500015258789,29653300
2015-08-03 13:30:00,114.5999984741211,114.5999984741211,111.77999877929688,112.55999755859375,112.55999755859375,10144800
2015-07-31 13:30:00,111.94999694824219,115,111.1500015258789,114.30999755859375,114.30999755859375,16349100
2015-07-30 13:30:00,106.4000015258789,111.9000015258789,105.4000015258789,111.55999755859375,111.55999755859375,14229200
2015-07-29 13:30:00,106.83000183105469,107.75,105.4000015258789,107.08000183105469,107.08000183105469,6695600
2015-07-28 13:30:00,107.29000091552734,107.94000244140625,103.87999725341797,106.9000015258789,106.9000015258789,11155900
2015-07-27 13:30:00,107.79000091552734,109.86000061035156,106.25,106.43000030517578,106.43000030517578,11302600
2015-07-24 13:30:00,111.55000305175781,111.68000030517578,108.9000015258789,109.33999633789062,109.33999633789062,8125100
2015-07-23 13:30:00,110.91000366210938,112.18000030517578,109.83999633789062,110.0999984741211,110.0999984741211,8306800
2015-07-22 13:30:00,112.13999938964844,113.87999725341797,110.55999755859375,111.5,111.5,10500500
2015-07-21 13:30:00,110.20999908447266,113.70999908447266,109.31999969482422,112.51000213623047,112.51000213623047,14085400
2015-07-20 13:30:00,114.69999694824219,114.69999694824219,110.13999938964844,110.55000305175781,110.55000305175781,22676900
2015-07-17 13:30:00,117.33999633789062,117.87999725341797,114.23999786376953,114.7699966430664,114.7699966430664,25136900
2015-07-16 13:30:00,111.0199966430664,116.48999786376953,107.68000030517578,115.80999755859375,115.80999755859375,63461000
2015-07-15 13:30:00,99.97000122070312,100.75,97.05000305175781,98.12999725341797,98.12999725341797,30898600
2015-07-14 13:30:00,101.27143096923828,101.63571166992188,99.6528549194336,100.37142944335938,100.37142944335938,2819500
2015-07-13 13:30:00,98.09857177734375,102.3085708618164,98.07857513427734,101.08714294433594,101.08714294433594,4743600
2015-07-10 13:30:00,97.52285766601562,98.50285339355469,96.9000015258789,97.22856903076172,97.22856903076172,3090900
2015-07-09 13:30:00,94.9000015258789,95.84571075439453,94.28571319580078,95.72714233398438,95.72714233398438,2390200
2015-07-08 13:30:00,93.47142791748047,93.99571228027344,92.28428649902344,93.50714111328125,93.50714111328125,1855800
2015-07-07 13:30:00,95.01285552978516,95.42713928222656,92.62285614013672,94.0914306640625,94.0914306640625,3081900
2015-07-06 13:30:00,93.47285461425781,94.92857360839844,93.33999633789062,94.57142639160156,94.57142639160156,1686900
2015-07-02 13:30:00,93.99857330322266,94.19857025146484,93.21428680419922,94.0442886352539,94.0442886352539,1579000
2015-07-01 13:30:00,94.80571746826172,95.23857116699219,93.21857452392578,93.63571166992188,93.63571166992188,2099900
2015-06-30 13:30:00,93.35713958740234,94.355712890625,92.78571319580078,93.84857177734375,93.84857177734375,2411500
2015-06-29 13:30:00,91.5057144165039,92.91285705566406,91.11714172363281,92.23143005371094,92.23143005371094,3510800
2015-06-26 13:30:00,95.30000305175781,95.31428527832031,93.08856964111328,93.08856964111328,93.08856964111328,4330700
2015-06-25 13:30:00,95.48143005371094,96,93.45857238769531,94.89142608642578,94.89142608642578,5946200
2015-06-24 13:30:00,100.0142822265625,100.89142608642578,96.39714050292969,96.94428253173828,96.94428253173828,11019800
2015-06-23 13:30:00,96.3357162475586,97.38999938964844,95.75,97.31285858154297,97.31285858154297,2232300
2015-06-22 13:30:00,95.04285430908203,96.69285583496094,94.18856811523438,96.4142837524414,96.4142837524414,2390400
2015-06-19 13:30:00,96.24285888671875,96.41857147216797,93.82142639160156,93.87142944335938,93.87142944335938,2830700
2015-06-18 13:30:00,94.65142822265625,95.3414306640625,94.36856842041016,94.74285888671875,94.74285888671875,1280400
2015-06-17 13:30:00,95.13285827636719,95.13285827636719,93.95714569091797,94.27143096923828,94.27143096923828,1415000
2015-06-16 13:30:00,94.24285888671875,95.60713958740234,93.6914291381836,95.27285766601562,95.27285766601562,2291900
2015-06-15 13:30:00,92.85713958740234,93.5914306640625,91.6585693359375,93.43142700195312,93.43142700195312,2722000
2015-06-12 13:30:00,94.91571807861328,95.34285736083984,94.12428283691406,94.41857147216797,94.41857147216797,1468400
2015-06-11 13:30:00,96.88999938964844,96.91857147216797,94.08714294433594,95.09428405761719,95.09428405761719,3803300
2015-06-10 13:30:00,93.39571380615234,98.97000122070312,93.22571563720703,95.87142944335938,95.87142944335938,8160200
2015-06-09 13:30:00,89.33428192138672,92.71428680419922,89.33428192138672,92.44999694824219,92.44999694824219,3146400
2015-06-08 13:30:00,90.71428680419922,90.81571197509766,88.99571228027344,89.60428619384766,89.60428619384766,1591000
2015-06-05 13:30:00,89.21428680419922,90.54000091552734,89.12571716308594,90.45999908447266,90.45999908447266,1660600
2015-06-04 13:30:00,88.37857055664062,89.42857360839844,88.04285430908203,89.34857177734375,89.34857177734375,1439200
2015-06-03 13:30:00,89.24285888671875,89.73285675048828,88.644287109375,88.8085708618164,88.8085708618164,891100
2015-06-02 13:30:00,88.71142578125,89.67857360839844,88.40571594238281,89.12999725341797,89.12999725341797,1073200
2015-06-01 13:30:00,88.83714294433594,89.12142944335938,87.94428253173828,89.00285339355469,89.00285339355469,1418000
2015-05-29 13:30:00,89.47285461425781,90.2057113647461,88.9557113647461,89.15142822265625,89.15142822265625,1769000
2015-05-28 13:30:00,89.71428680419922,89.855712890625,88.93000030517578,89.50714111328125,89.50714111328125,1117400
2015-05-27 13:30:00,88.14286041259766,89.90714263916016,87.92857360839844,89.85713958740234,89.85713958740234,1500900
2015-05-26 13:30:00,88.87428283691406,89.06143188476562,87.78571319580078,87.99285888671875,87.99285888671875,1378000
2015-05-22 13:30:00,89.17857360839844,89.40714263916016,88.69285583496094,88.83856964111328,88.83856964111328,1066600
2015-05-21 13:30:00,89.08142852783203,89.57142639160156,88.18142700195312,89.00285339355469,89.00285339355469,1823900
2015-05-20 13:30:00,88.21428680419922,89.10857391357422,87.36285400390625,88.79000091552734,88.79000091552734,1822400
2015-05-19 13:30:00,88.8885726928711,89.78571319580078,87.80999755859375,88.06857299804688,88.06857299804688,2728800
2015-05-18 13:30:00,87.5442886352539,88.53428649902344,87.02428436279297,88.26714324951172,88.26714324951172,2111700
2015-05-15 13:30:00,86.36428833007812,88.34857177734375,85.7557144165039,87.60713958740234,87.60713958740234,5293300
2015-05-14 13:30:00,83.28571319580078,83.92428588867188,82.33000183105469,83.8357162475586,83.8357162475586,1271200
2015-05-13 13:30:00,83.40428924560547,84.1971435546875,82.6914291381836,82.87285614013672,82.87285614013672,1593700
2015-05-12 13:30:00,83.8085708618164,83.8085708618164,82.99285888671875,83.37714385986328,83.37714385986328,1701000
2015-05-11 13:30:00,82.32428741455078,84.85713958740234,82.18571472167969,84.27857208251953,84.27857208251953,3411800
2015-05-08 13:30:00,81.04142761230469,82.1528549194336,80.96428680419922,82.0857162475586,82.0857162475586,1975500
2015-05-07 13:30:00,80.11428833007812,80.7942886352539,79.45714569091797,80.74857330322266,80.74857330322266,1460100
2015-05-06 13:30:00,81.02857208251953,81.21428680419922,79.52143096923828,80.07714080810547,80.07714080810547,1643500
2015-05-05 13:30:00,81.23857116699219,82.44285583496094,80.75714111328125,80.79285430908203,80.79285430908203,3873800
2015-05-04 13:30:00,79.57142639160156,79.71428680419922,78.9000015258789,79.27143096923828,79.27143096923828,1138200
2015-05-01 13:30:00,79.855712890625,79.9671401977539,78.894287109375,79.57571411132812,79.57571411132812,1272300
2015-04-30 13:30:00,80.23714447021484,80.8357162475586,79.12428283691406,79.5,79.5,1509300
2015-04-29 13:30:00,80.06999969482422,81.05571746826172,79.644287109375,80.40714263916016,80.40714263916016,1362100
2015-04-28 13:30:00,80.58999633789062,81.27857208251953,79.94428253173828,80.43714141845703,80.43714141845703,1260900
2015-04-27 13:30:00,80.29285430908203,81.78571319580078,80.2300033569336,80.86856842041016,80.86856842041016,2178100
2015-04-24 13:30:00,80.17285919189453,80.8085708618164,79.50714111328125,79.77143096923828,79.77143096923828,1577900
2015-04-23 13:30:00,79.65571594238281,80.34285736083984,78.9557113647461,79.86571502685547,79.86571502685547,1812500
2015-04-22 13:30:00,80.21142578125,80.71286010742188,79.5442886352539,79.66857147216797,79.66857147216797,1727100
2015-04-21 13:30:00,81.23428344726562,81.48428344726562,79.80000305175781,80.06285858154297,80.06285858154297,15925700
2015-04-20 13:30:00,81.78571319580078,82.30428314208984,80.38143157958984,81.05571746826172,81.05571746826172,4388900
2015-04-17 13:30:00,79.77857208251953,82.14286041259766,79.71428680419922,81.6500015258789,81.6500015258789,8329500
2015-04-16 13:30:00,76,81.25,75.71428680419922,80.29285430908203,80.29285430908203,14928700
2015-04-15 13:30:00,68.70428466796875,68.70428466796875,67.36428833007812,67.92285919189453,67.92285919189453,42528500
2015-04-14 13:30:00,68.85713958740234,69.14286041259766,67.42142486572266,68.38714599609375,68.38714599609375,4075800
2015-04-13 13:30:00,67.23999786376953,69.28571319580078,67.05714416503906,67.81143188476562,67.81143188476562,6348100
2015-04-10 13:30:00,64.39714050292969,64.99571228027344,63.9471435546875,64.93856811523438,64.93856811523438,3195300
2015-04-09 13:30:00,63,63.13571548461914,62.11428451538086,62.78571319580078,62.78571319580078,1922200
2015-04-08 13:30:00,61.2014274597168,63.10714340209961,61.18428421020508,63.04999923706055,63.04999923706055,3189700
2015-04-07 13:30:00,60.49714279174805,60.84857177734375,60.0428581237793,60.494285583496094,60.494285583496094,1425300
2015-04-06 13:30:00,58.76856994628906,60.4471435546875,58.46428680419922,60.33000183105469,60.33000183105469,1532900
2015-04-02 13:30:00,59.07143020629883,59.60714340209961,58.861427307128906,59.1542854309082,59.1542854309082,1409200
2015-04-01 13:30:00,59.64285659790039,59.78571319580078,58.702857971191406,59.01714324951172,59.01714324951172,2087100
2015-03-31 13:30:00,60.11000061035156,60.41999816894531,59.45571517944336,59.52714157104492,59.52714157104492,2035500
2015-03-30 13:30:00,59.71571350097656,60.56428527832031,59.36428451538086,60.36714172363281,60.36714172363281,1896100
2015-03-27 13:30:00,59.33000183105469,59.84714126586914,58.57285690307617,59.25285720825195,59.25285720825195,2259700
2015-03-26 13:30:00,59.628570556640625,60.4471435546875,59.38999938964844,59.751426696777344,59.751426696777344,2291300
2015-03-25 13:30:00,62.68428421020508,62.691429138183594,60.244285583496094,60.25,60.25,3093200
2015-03-24 13:30:00,61.13571548461914,63.09857177734375,61.11857223510742,62.611427307128906,62.611427307128906,2412700
2015-03-23 13:30:00,60.88999938964844,61.15571594238281,60.33000183105469,60.71428680419922,60.71428680419922,1093300
2015-03-20 13:30:00,61.33714294433594,61.78571319580078,60.895713806152344,61.18571472167969,61.18571472167969,1948800
2015-03-19 13:30:00,60.459999084472656,61.211429595947266,60.255714416503906,60.744285583496094,60.744285583496094,1635700
2015-03-18 13:30:00,59.73857116699219,60.650001525878906,59.29999923706055,60.44571304321289,60.44571304321289,2089100
2015-03-17 13:30:00,59.71285629272461,60.69428634643555,59.38428497314453,59.788570404052734,59.788570404052734,2630100
2015-03-16 13:30:00,61.547142028808594,61.547142028808594,59.619998931884766,60.281429290771484,60.281429290771484,3828000
2015-03-13 13:30:00,63.907142639160156,64.05714416503906,62.36714172363281,62.628570556640625,62.628570556640625,1451600
2015-03-12 13:30:00,63.34714126586914,64.58285522460938,63.34000015258789,64.04571533203125,64.04571533203125,2093500
2015-03-11 13:30:00,62.2400016784668,63.939998626708984,62.2400016784668,62.88428497314453,62.88428497314453,2337600
2015-03-10 13:30:00,63.01571273803711,63.3514289855957,61.98285675048828,62.15142822265625,62.15142822265625,2557600
2015-03-09 13:30:00,64.98999786376953,65.09285736083984,62.82857131958008,63.66143035888672,63.66143035888672,2710100
2015-03-06 14:30:00,66.64286041259766,66.92571258544922,64.84428405761719,64.87428283691406,64.87428283691406,1841200
2015-03-05 14:30:00,67.42857360839844,67.46428680419922,66.41999816894531,66.80714416503906,66.80714416503906,1606400
2015-03-04 14:30:00,67.52999877929688,67.92571258544922,66.18285369873047,67.11000061035156,67.11000061035156,2486500
2015-03-03 14:30:00,68.34428405761719,68.45714569091797,67.50714111328125,67.81571197509766,67.81571197509766,1060900
2015-03-02 14:30:00,67.71428680419922,68.60713958740234,67.23428344726562,68.60713958740234,68.60713958740234,1455300
2015-02-27 14:30:00,69.08142852783203,69.42857360839844,67.81857299804688,67.84428405761719,67.84428405761719,1645200
2015-02-26 14:30:00,68.62571716308594,69.5,68.43000030517578,69.00428771972656,69.00428771972656,1550400
2015-02-25 14:30:00,67.80714416503906,68.7942886352539,67.80714416503906,68.33285522460938,68.33285522460938,979200
2015-02-24 14:30:00,67.37285614013672,68.08428192138672,67.355712890625,67.83999633789062,67.83999633789062,866300
2015-02-23 14:30:00,68.30000305175781,68.31428527832031,67.14286041259766,67.40571594238281,67.40571594238281,1290200
2015-02-20 14:30:00,67.94999694824219,68.37428283691406,67.63714599609375,68.31428527832031,68.31428527832031,1346000
2015-02-19 14:30:00,67.85713958740234,68.71428680419922,67.57428741455078,67.80000305175781,67.80000305175781,10432100
2015-02-18 14:30:00,67.02285766601562,68.06999969482422,66.64571380615234,67.86571502685547,67.86571502685547,1471800
2015-02-17 14:30:00,66.51571655273438,67.37142944335938,65.94428253173828,67.13714599609375,67.13714599609375,1595800
2015-02-13 14:30:00,65.42857360839844,66.62999725341797,65.42285919189453,66.5857162475586,66.5857162475586,1852700
2015-02-12 14:30:00,65.0585708618164,65.60713958740234,64.45143127441406,65.24714660644531,65.24714660644531,1209200
2015-02-11 14:30:00,64.83000183105469,66.14142608642578,64.55714416503906,64.98428344726562,64.98428344726562,1993300
2015-02-10 14:30:00,63.459999084472656,65.15714263916016,63.1014289855957,64.8499984741211,64.8499984741211,2202700
2015-02-09 14:30:00,63.198570251464844,63.78571319580078,62.637142181396484,63.29571533203125,63.29571533203125,1167600
2015-02-06 14:30:00,64.25,64.42857360839844,63.17571258544922,63.47999954223633,63.47999954223633,1267800
2015-02-05 14:30:00,64.54142761230469,65.1385726928711,63.665714263916016,64.12999725341797,64.12999725341797,2035500
2015-02-04 14:30:00,65.04142761230469,65.17428588867188,63.88999938964844,64.10142517089844,64.10142517089844,1778700
2015-02-03 14:30:00,63.31999969482422,65.4671401977539,62.72999954223633,65.27428436279297,65.27428436279297,2344200
2015-02-02 14:30:00,62.842857360839844,63.42856979370117,61.95571517944336,63.0099983215332,63.0099983215332,1855800
2015-01-30 14:30:00,63.13285827636719,63.98428726196289,62.65571594238281,63.11428451538086,63.11428451538086,1887900
2015-01-29 14:30:00,63.20428466796875,63.92714309692383,62.5,63.400001525878906,63.400001525878906,2161100
2015-01-28 14:30:00,64.7414321899414,64.82142639160156,63.08142852783203,63.20857238769531,63.20857238769531,3504700
2015-01-27 14:30:00,63.08714294433594,65.33999633789062,63.04999923706055,64.88143157958984,64.88143157958984,3516100
2015-01-26 14:30:00,62.57143020629883,63.8985710144043,61.9571418762207,63.79428482055664,63.79428482055664,3038400
2015-01-23 14:30:00,60.98857116699219,62.74285888671875,60.88142776489258,62.494285583496094,62.494285583496094,3801900
2015-01-22 14:30:00,58.57143020629883,61.37428665161133,57.82857131958008,61.20571517944336,61.20571517944336,4759900
2015-01-21 14:30:00,59.23428726196289,59.2400016784668,57.40999984741211,58.468570709228516,58.468570709228516,9557500
2015-01-20 14:30:00,48.57143020629883,50,47.71428680419922,49.82857131958008,49.82857131958008,4941200
2015-01-16 14:30:00,46.85714340209961,48.25,46.38142776489258,48.191429138183594,48.191429138183594,2813800
2015-01-15 14:30:00,46.547142028808594,46.78571319580078,45.84428405761719,46.251426696777344,46.251426696777344,1667000
2015-01-14 14:30:00,47.07143020629883,47.369998931884766,45.68000030517578,46.31999969482422,46.31999969482422,2840700
2015-01-13 14:30:00,46.021427154541016,47.0485725402832,45.900001525878906,46.255714416503906,46.255714416503906,2674500
2015-01-12 14:30:00,47.09000015258789,47.198570251464844,45.264286041259766,45.547142028808594,45.547142028808594,1846800
2015-01-09 14:30:00,47.63142776489258,48.02000045776367,46.8985710144043,47.04142761230469,47.04142761230469,1367800
2015-01-08 14:30:00,47.119998931884766,47.83571243286133,46.478572845458984,47.779998779296875,47.779998779296875,1371700
2015-01-07 14:30:00,47.34714126586914,47.42142868041992,46.271427154541016,46.74285888671875,46.74285888671875,1407100
2015-01-06 14:30:00,47.34714126586914,47.63999938964844,45.66143035888672,46.501426696777344,46.501426696777344,2291100
2015-01-05 14:30:00,49.25857162475586,49.25857162475586,47.14714431762695,47.31142807006836,47.31142807006836,2595000
2015-01-02 14:30:00,49.15142822265625,50.33142852783203,48.73143005371094,49.84857177734375,49.84857177734375,1925000
2014-12-31 14:30:00,49.03285598754883,49.39142990112305,48.78714370727539,48.801429748535156,48.801429748535156,1232500
2014-12-30 14:30:00,48.71428680419922,49.13999938964844,48.538570404052734,49.03285598754883,49.03285598754883,7011200
2014-12-29 14:30:00,47.970001220703125,49.104286193847656,47.65285873413086,48.84714126586914,48.84714126586914,8588300
2014-12-26 14:30:00,48.84428405761719,49.48428726196289,48.53428649902344,48.57857131958008,48.57857131958008,8847300
2014-12-24 14:30:00,48.07285690307617,49.06999969482422,47.998573303222656,48.871429443359375,48.871429443359375,5411000
2014-12-23 14:30:00,48.28714370727539,48.42856979370117,47.47285842895508,48.06142807006836,48.06142807006836,8291500
2014-12-22 14:30:00,48.5428581237793,49.2400016784668,47.748573303222656,48.09714126586914,48.09714126586914,7994000
2014-12-19 14:30:00,47.900001525878906,48.720001220703125,47.621429443359375,48.58856964111328,48.58856964111328,15047900
2014-12-18 14:30:00,48.400001525878906,48.92856979370117,47.23285675048828,47.77428436279297,47.77428436279297,15639400
2014-12-17 14:30:00,45.37571334838867,47.86714172363281,45.077144622802734,47.66428756713867,47.66428756713867,20192900
2014-12-16 14:30:00,46.42714309692383,47.06999969482422,45.14285659790039,45.20571517944336,45.20571517944336,16947700
2014-12-15 14:30:00,48.05571365356445,48.41857147216797,46.61857223510742,46.720001220703125,46.720001220703125,12019000
2014-12-12 14:30:00,47.41714096069336,48.32285690307617,46.97999954223633,47.78285598754883,47.78285598754883,13521200
2014-12-11 14:30:00,48.012855529785156,48.70000076293945,47.65571594238281,47.80428695678711,47.80428695678711,11769100
2014-12-10 14:30:00,49.021427154541016,49.24714279174805,47.665714263916016,47.7599983215332,47.7599983215332,12644800
2014-12-09 14:30:00,47.81999969482422,49.33714294433594,47.00285720825195,49.111427307128906,49.111427307128906,17976700
2014-12-08 14:30:00,49.88142776489258,49.98285675048828,48.290000915527344,48.49714279174805,48.49714279174805,13621300
2014-12-05 14:30:00,50.14714431762695,50.64285659790039,49.73285675048828,50.13142776489258,50.13142776489258,9930200
2014-12-04 14:30:00,50.42856979370117,51.13571548461914,49.908573150634766,50.08571243286133,50.08571243286133,11853800
2014-12-03 14:30:00,50.22142791748047,50.73143005371094,49.181427001953125,50.73143005371094,50.73143005371094,13819400
2014-12-02 14:30:00,48.75714111328125,50.477142333984375,48.691429138183594,50.33000183105469,50.33000183105469,14271600
2014-12-01 14:30:00,49.28571319580078,49.57143020629883,48.23428726196289,48.83000183105469,48.83000183105469,11964400
2014-11-28 14:30:00,50.512855529785156,50.57143020629883,49.42714309692383,49.512855529785156,49.512855529785156,6702500
2014-11-26 14:30:00,50.1542854309082,50.52714157104492,49.7457160949707,50.165714263916016,50.165714263916016,10063200
2014-11-25 14:30:00,50.145713806152344,50.34714126586914,49.14285659790039,49.855712890625,49.855712890625,28100800
2014-11-24 14:30:00,51.50857162475586,51.922855377197266,50.771427154541016,50.924285888671875,50.924285888671875,17864000
2014-11-21 14:30:00,53.211429595947266,53.32143020629883,51.35714340209961,51.468570709228516,51.468570709228516,17878000
2014-11-20 14:30:00,51.869998931884766,53.32285690307617,51.57143020629883,52.591426849365234,52.591426849365234,15425200
2014-11-19 14:30:00,54.744285583496094,55.2928581237793,51.808570861816406,51.871429443359375,51.871429443359375,24515400
2014-11-18 14:30:00,54.42856979370117,54.985713958740234,54.361427307128906,54.432857513427734,54.432857513427734,7921200
2014-11-17 14:30:00,55.05428695678711,55.64285659790039,54.39285659790039,54.448570251464844,54.448570251464844,9225300
2014-11-14 14:30:00,54.1971435546875,55.317142486572266,54.08142852783203,55.1485710144043,55.1485710144043,10988600
2014-11-13 14:30:00,54.922855377197266,55.00714111328125,53.932857513427734,54.2014274597168,54.2014274597168,10490200
2014-11-12 14:30:00,54.4471435546875,55.137142181396484,53.862857818603516,54.83714294433594,54.83714294433594,10958500
2014-11-11 14:30:00,55.32428741455078,56.29999923706055,54.54428482055664,54.650001525878906,54.650001525878906,14838600
2014-11-10 14:30:00,54.71428680419922,55.63571548461914,54.14285659790039,55.32428741455078,55.32428741455078,9711100
2014-11-07 14:30:00,54.77714157104492,55.03571319580078,54.18571472167969,54.880001068115234,54.880001068115234,9303700
2014-11-06 14:30:00,54,55.047142028808594,53.907142639160156,54.75714111328125,54.75714111328125,9991800
2014-11-05 14:30:00,55.08714294433594,55.40571594238281,53.77000045776367,54.34000015258789,54.34000015258789,13645800
2014-11-04 14:30:00,55.27428436279297,55.32143020629883,54.11000061035156,54.682857513427734,54.682857513427734,11389700
2014-11-03 14:30:00,56.17571258544922,56.50285720825195,55.01571273803711,55.487144470214844,55.487144470214844,17581200
2014-10-31 13:30:00,54.91428756713867,56.25285720825195,54.85714340209961,56.11000061035156,56.11000061035156,20470100
2014-10-30 13:30:00,53.93000030517578,54.619998931884766,53.514286041259766,54.144287109375,54.144287109375,10593800
2014-10-29 13:30:00,55.174285888671875,55.2400016784668,53.96714401245117,54.014286041259766,54.014286041259766,12507600
2014-10-28 13:30:00,54.25,55.26714324951172,54.04999923706055,55.174285888671875,55.174285888671875,11736900
2014-10-27 13:30:00,54.842857360839844,54.92856979370117,53.81428527832031,54.20000076293945,54.20000076293945,14944300
2014-10-24 13:30:00,54.6542854309082,55.28571319580078,54.40142822265625,55.00285720825195,55.00285720825195,14657300
2014-10-23 13:30:00,54.36000061035156,55.11000061035156,54.03571319580078,54.720001220703125,54.720001220703125,19916400
2014-10-22 13:30:00,52.71285629272461,54.568572998046875,51.88571548461914,53.521427154541016,53.521427154541016,32150300
2014-10-21 13:30:00,51.751426696777344,52.3985710144043,50.77714157104492,52.28428649902344,52.28428649902344,19365500
2014-10-20 13:30:00,50.85714340209961,52.74142837524414,50.7928581237793,51.317142486572266,51.317142486572266,33529300
2014-10-17 13:30:00,51.40142822265625,51.43857192993164,48.78571319580078,51.012855529785156,51.012855529785156,79160900
2014-10-16 13:30:00,47.53285598754883,52.310001373291016,47.28571319580078,51.67142868041992,51.67142868041992,92304800
2014-10-15 13:30:00,63.4957160949707,64.42571258544922,61.45428466796875,64.08428192138672,64.08428192138672,59927700
2017-10-13 13:30:00,199.6999969482422,200.82000732421875,197.19000244140625,199.49000549316406,199.49000549316406,12030000
2017-10-13 13:30:00,199.6999969482422,200.82000732421875,197.19000244140625,199.49000549316406,199.49000549316406,12030000
